file_name,selection,call_type,duration,min_freq,max_freq,bw,center_freq,peak_freq,min_prr,max_prr,start_freq,end_freq,trend,inflec,seg,steps,units
218.enc.11.csv,1,dws,1,526.3,990.6,464.3,796.9,726.6,0,0,990.6,526.3,1.9,0,1,0,1
218.enc.11.csv,2,modws,0.8,885.6,1688.6,802.9,1054.7,984.4,0,0,885.6,971,0.9,4,1,0,1
218.enc.11.csv,3,dws,0.8,1350.8,1891.7,540.8,1500,1406.3,0,0,1891.7,1350.8,1.4,0,1,0,1
218.enc.11.csv,4,dws,0.5,547.4,1079.1,531.7,796.9,796.9,0,0,1079.1,547.4,2,0,1,0,1
218.enc.11.csv,5,dws.seg,1.5,923.1,1958.7,1035.6,960.9,984.4,0,0,1831,923.1,2,0,3,0,1
218.enc.11.csv,6,dws,0.6,409.3,863.5,454.2,656.3,656.3,0,0,863.5,409.3,2.1,0,1,0,1
218.enc.11.csv,9,dws.seq,1.7,686.3,1417,730.6,914.1,773.4,0,0,1417,686.3,2.1,0,1,0,9
218.enc.11.csv,11,dws,0.4,657.5,1033.3,375.7,914.1,937.5,0,0,915,657.5,1.4,0,1,0,1
218.enc.11.csv,13,dws,0.6,315.8,863.5,547.7,703.1,796.9,0,0,717,315.8,2.3,0,1,0,1
218.enc.11.csv,17,dws,0.5,642.1,1089.3,447.2,890.6,984.4,0,0,904,642.1,1.4,0,1,0,1
218.enc.11.csv,18,dws,0.2,907.7,1439.1,531.4,1078.1,1054.7,0,0,1439.1,907.7,1.6,0,1,0,1
218.enc.11.csv,21,dws.seg,1.1,1328.4,3520.3,2191.9,1406.3,1406.3,0,0,3520.3,1328.4,2.7,0,3,0,1
218.enc.11.csv,28,dws.seq,0.6,853.2,1502.3,649.1,960.9,960.9,0,0,1502.3,853.2,1.8,0,1,0,5
218.enc.11.csv,33,dws,0.5,509.2,952,442.8,750,750,0,0,952,509.2,1.9,0,1,0,1
218.enc.11.csv,37,modws.seg,0.8,509.2,1084.9,575.6,750,726.6,0,0,1084.9,509.2,2.1,2,2,0,1
218.enc.11.csv,52,flatws,1,597.8,907.7,310,796.9,796.9,0,0,860,629,1.4,0,1,0,1
218.enc.11.csv,53,dws.seg,1.4,631.6,1431.6,800,843.8,914.1,0,0,1431.6,631.6,2.3,0,5,0,1
218.enc.11.csv,59,nws,0.5,819.9,1453.4,633.5,1125,1148.4,0,0,819.9,819.9,1,1,1,0,1
218.enc.11.csv,62,uws,0.3,730.6,1129.2,398.5,890.6,937.5,0,0,1070,1129.2,0.9,1,1,0,1
218.enc.11.csv,67,dws.seq,1.3,633.5,2048.8,1415.3,867.2,726.6,0,0,2048.8,816,2.5,0,1,0,11
218.enc.11.csv,68,flatws,0.4,708.5,885.6,177.1,820.3,820.3,0,0,794,708.5,1.1,0,1,0,1
218.enc.11.csv,72,modws.seg,1.6,526.3,1431.6,905.3,820.3,820.3,0,0,816,526.3,1.6,5,10,0,1
218.enc.11.csv,73,pulse.n,0.7,395.1,3719.6,3324.4,914.1,914.1,674.2,934.2,395.1,496,0.8,1,1,0,1
218.enc.11.csv,79,dws,0.7,1572,2932.4,1360.5,1804.7,1804.7,0,0,2932.4,1572,1.9,0,1,0,1
218.enc.11.csv,84,modws.m.seg,1.1,708.5,1439.1,730.6,960.9,960.9,0,0,860,708.5,1.2,3,3,0,1
218.enc.11.csv,87,aws,0.6,1616.2,2214,597.8,1898.4,1921.9,0,0,1665,2214,0.8,0,1,0,1
218.enc.11.csv,96,aws.seg,0.8,3660.3,7129.2,3468.8,4664.1,4101.6,0,0,3660.3,7129.2,0.5,0,3,0,1
218.enc.11.csv,99,dws.seq,0.5,708.5,1417,708.5,914.1,890.6,0,0,1248,708.5,1.8,0,1,0,4
218.enc.11.csv,101,flatws,0.8,575.6,797,221.4,679.7,679.7,0,0,797,575.6,1.4,0,1,0,1
218.enc.11.csv,102,flatws,0.6,642.1,797,155,750,750,0,0,797,642.1,1.2,0,1,0,1
218.enc.11.csv,110,modws.seg,0.9,575.6,1682.7,1107,867.2,843.8,0,0,858,575.6,1.5,5,4,0,1
218.enc.11.csv,111,flatws,1.5,597.8,907.7,310,750,750,0,0,907.7,597.8,1.5,0,1,0,1
218.enc.11.csv,119,modws,0.7,2757.9,3692.3,934.4,3164.1,3210.9,0,0,3385,3307,1,7,1,0,1
218.enc.11.csv,123,nws,0.4,664.2,1682.7,1018.5,1078.1,1007.8,0,0,664.2,936,0.7,1,1,0,1
218.enc.11.csv,125,flatws,0.7,642.1,841.3,199.3,750,750,0,0,841.3,642.1,1.3,0,1,0,1
218.enc.11.csv,131,modws.seg,0.8,730.6,1936.2,1205.6,937.5,960.9,0,0,1435,1809,0.8,11,4,0,1
218.enc.11.csv,138,dws.seq,1.5,757.9,1705.3,947.4,984.4,984.4,0,0,1513,889,1.7,0,1,0,11
218.enc.11.csv,140,pulse.d,0.8,619.9,7151.3,6531.4,890.6,914.1,835.3,967.9,619.9,718,0.9,0,1,0,1
218.enc.11.csv,141,dws,0.4,1417,2014.8,597.8,1875,1875,0,0,2014.8,1417,1.4,0,1,0,1
218.enc.11.csv,142,nws,0.5,708.5,1527.7,819.2,1007.8,937.5,0,0,708.5,889,0.8,1,1,0,1
218.enc.11.csv,143,modws,1.3,757.9,1439.1,681.2,960.9,960.9,0,0,1014,842,1.2,5,1,0,1
218.enc.11.csv,146,flatws,0.5,1350.6,1483.4,132.8,1429.7,1406.3,0,0,1483.4,1404,1.1,0,1,0,1
218.enc.11.csv,148,dws,1,509.2,968.4,459.2,843.8,750,0,0,968.4,509.2,1.9,0,1,0,1
218.enc.11.csv,149,flatws,0.8,2789.7,2944.6,155,2882.8,2882.8,0,0,2944.6,2789.7,1.1,0,1,0,1
218.enc.11.csv,153,modws,1.8,3099.6,4516.6,1417,3726.6,3726.6,0,0,4301,4103,1,4,1,0,1
218.enc.11.csv,154,dws,0.7,631.6,1463.4,831.8,960.9,984.4,0,0,1463.4,631.6,2.3,0,1,0,1
218.enc.11.csv,164,pulse.a,0.4,273.7,9094.7,8821.1,492.2,492.2,335.5,503.2,273.7,463,0.6,0,1,0,1
218.enc.11.csv,168,pulse.d,0.7,526.3,6998.2,6471.9,1101.6,984.4,616.9,1111.1,1831,526.3,3.5,0,1,0,1
218.enc.11.csv,170,pulse.d,0.5,709.5,7520.3,6810.8,1031.3,1031.3,944.3,1079.2,1368,709.5,1.9,0,1,0,1
218.enc.11.csv,171,pulse.d,0.4,851.4,5978.9,5127.6,1406.3,1406.3,1223.1,1474.9,1809,851.4,2.1,0,1,0,1
218.enc.11.csv,172,pulse.d,0.5,1368.4,7221.1,5852.6,1828.1,1804.7,1501.9,1884.1,1919,1368.4,1.4,0,1,0,1
218.enc.11.csv,183,modws,1,1600,2400,800,1898.4,1875,0,0,2207,1600,1.4,10,1,0,1
218.enc.11.csv,187,nws,0.4,553.5,1284.1,730.6,773.4,750,0,0,651,553.5,1.2,1,1,0,1
218.enc.11.csv,191,modws.seg,0.7,1497.4,2789.7,1292.2,1875,1734.4,0,0,1497.4,1902,0.8,6,5,0,1
218.enc.11.csv,195,flatws,1,642.1,841.3,199.3,796.9,796.9,0,0,746,694,1.1,0,1,0,1
218.enc.11.csv,199,modws.m.seg,1.2,553.5,1284.1,730.6,820.3,679.7,0,0,651,553.5,1.2,3,3,0,1
218.enc.11.csv,200,modws.seg,1.9,694.7,1936.8,1242.1,914.1,867.2,0,0,809,872,0.9,8,5,0,1
218.enc.11.csv,205,dws.seq,2,730.6,1594.1,863.5,914.1,867.2,0,0,1594.1,862,1.8,0,1,0,14
218.enc.11.csv,209,flatws,0.7,797,929.9,132.8,890.6,890.6,0,0,893,797,1.1,0,1,0,1
218.enc.11.csv,214,dws,0.2,509.2,1148.7,639.5,726.6,679.7,0,0,1148.7,509.2,2.3,0,1,0,1
218.enc.11.csv,226,pulse.flat.seg.2,1.2,589.5,5130.6,4541.1,984.4,960.9,967.7,1548.4,967,1419,0.7,0,3,0,1
218.enc.11.csv,227,modws.t,0.9,752.8,1704.8,952,960.9,937.5,0,0,1545,883,1.7,10,1,0,1
218.enc.11.csv,229,flatws,0.9,6575.6,6730.6,155,6656.3,6656.3,0,0,6730.6,6575.6,1,0,1,0,1
218.enc.11.csv,230,dws.seq,0.7,531.4,1350.6,819.2,843.8,703.1,0,0,1350.6,531.4,2.5,0,1,0,12
218.enc.11.csv,233,modws,1,2009.8,3414.6,1404.9,2695.3,2578.1,0,0,2774,2009.8,1.4,10,1,0,1
218.enc.11.csv,235,flatws.seg,0.7,929.9,1084.9,155,1007.8,1007.8,0,0,981,981,1,0,8,0,1
218.enc.11.csv,236,pulse.d,1.1,517.8,4589.5,4071.7,960.9,1007.8,741.9,885.8,904,517.8,1.7,0,1,0,1
218.enc.11.csv,237,modws,1.2,1600,3648.8,2048.8,3093.8,3093.8,0,0,2690,1600,1.7,15,1,0,1
218.enc.11.csv,238,aws,0.3,730.6,1217.7,487.1,960.9,1007.8,0,0,730.6,1217.7,0.6,0,1,0,1
218.enc.11.csv,243,modws,1.6,4538.7,6989.5,2450.7,5226.6,5390.6,0,0,5527,6305,0.9,6,1,0,1
218.enc.11.csv,245,dws,0.7,819.2,2302.6,1483.4,1265.6,960.9,0,0,2302.6,819.2,2.8,0,1,0,1
218.enc.11.csv,250,pulse.flat.seg.2,0.9,673.7,2524.1,1850.4,960.9,937.5,912.5,1147.5,877,1560,0.6,0,3,0,1
218.enc.11.csv,255,flatws,0.3,597.8,752.8,155,679.7,679.7,0,0,669,639,1,0,1,0,1
218.enc.11.csv,256,pulse.flat.seg.2,1,686.3,3284.2,2597.9,1007.8,1054.7,1050.7,1271.9,1025,1650,0.6,0,3,0,1
218.enc.11.csv,258,pulse.flat.seg.2,1.2,686.3,3343.2,2656.8,1007.8,1007.8,995.4,1645.1,1055,1635,0.6,0,3,0,1
218.enc.11.csv,259,flatws.seg,1.1,1483.4,1704.8,221.4,1593.8,1570.3,0,0,1650,1704.8,1,0,3,0,1
218.enc.11.csv,262,modws.seg,0.6,562.9,1904.8,1341.9,890.6,890.6,0,0,1904.8,562.9,3.4,6,7,0,1
218.enc.11.csv,263,flatws.seg,0.7,1461.3,1704.8,243.5,1546.9,1523.4,0,0,1620,1516,1.1,0,4,0,1
218.enc.11.csv,269,dws.seq,0.5,398.5,1262,863.5,679.7,515.6,0,0,1262,398.5,3.2,0,1,0,5
218.enc.11.csv,270,dws.seq,0.6,332.1,1206.3,874.2,703.1,585.9,0,0,1206.3,332.1,3.6,0,1,0,8
218.enc.11.csv,273,aws,0.2,746.3,1306.3,560,843.8,820.3,0,0,746.3,1306.3,0.6,0,1,0,1
218.enc.11.csv,274,dws,0.2,608.8,1296.2,687.4,867.2,843.8,0,0,1296.2,608.8,2.1,0,1,0,1
218.enc.11.csv,279,flatws,1.1,730.6,885.6,155,843.8,843.8,0,0,730.6,790,0.9,0,1,0,1
218.enc.11.csv,282,modws,0.6,2231.6,3410.5,1178.9,2742.2,2718.8,0,0,3106,2231.6,1.4,8,1,0,1
218.enc.11.csv,295,pulse.flat.seg.2,1.5,730.3,2269.7,1539.5,984.4,984.4,1050.7,1576,951,1664,0.6,0,3,0,1
218.enc.11.csv,297,modws.seg.t,0.9,265.7,1749.1,1483.4,867.2,843.8,0,0,1019,265.7,3.8,12,9,0,1
218.enc.11.csv,299,modws.t,1.3,641.1,1923.2,1282.1,843.8,843.8,0,0,1545,773,2,15,1,0,1
218.enc.11.csv,302,modws.seg.t,0.9,701.2,1970.5,1269.3,820.3,843.8,0,0,1129,788,1.4,11,6,0,1
218.enc.11.csv,303,flatws,0.8,487.1,686.3,199.3,585.9,585.9,0,0,686.3,535,1.3,0,1,0,1
218.enc.11.csv,304,dws.seq,1.4,1350.6,2634.7,1284.1,1476.6,1476.6,0,0,2418,1350.6,1.8,0,1,0,10
218.enc.11.csv,318,flatws,0.6,575.6,752.8,177.1,679.7,656.3,0,0,624,684,0.9,0,1,0,1
218.enc.11.csv,325,modws,1.2,400,1527.7,1127.7,914.1,937.5,0,0,921,400,2.3,4,1,0,1
218.enc.11.csv,326,modws.seg,2.3,631.6,1306.3,674.7,914.1,773.4,0,0,788,921,0.9,8,4,0,1
218.enc.11.csv,328,flatws,0.7,774.9,952,177.1,867.2,867.2,0,0,820,774.9,1.1,0,1,0,1
218.enc.11.csv,336,flatws,0.7,531.4,664.2,132.8,585.9,585.9,0,0,567,567,1,0,1,0,1
218.enc.11.csv,342,dws,0.3,463.2,1502.5,1039.3,914.1,937.5,0,0,1502.5,463.2,3.2,0,1,0,1
218.enc.11.csv,344,dws.seg,0.8,686.3,3099.6,2413.3,820.3,796.9,0,0,3099.6,686.3,4.5,0,3,0,1
218.enc.11.csv,348,pulse.flat.seg.2,0.9,736.8,2252.6,1515.8,1007.8,960.9,1023,1603.7,1009,1618,0.6,0,3,0,1
218.enc.11.csv,349,dws.seq.t,0.9,464.9,1602.7,1137.7,656.3,656.3,0,0,1156,464.9,2.5,0,1,0,3
218.enc.11.csv,351,dws.seq.t,0.6,495.3,1141.9,646.6,726.6,843.8,0,0,1141.9,495.3,2.3,0,1,0,3
218.enc.11.csv,355,flatws,0.6,487.1,664.2,177.1,585.9,585.9,0,0,664.2,546,1.2,0,1,0,1
218.enc.11.csv,359,modws.m.seg,1,597.8,1500,902.2,890.6,890.6,0,0,925,597.8,1.5,3,3,0,1
218.enc.11.csv,363,modws,2,1284.1,2125.5,841.3,1710.9,1453.1,0,0,1849,1702,1.1,8,1,0,1
218.enc.11.csv,365,modws,1.3,568.4,1594.1,1025.7,914.1,726.6,0,0,967,568.4,1.7,5,1,0,1
218.enc.11.csv,377,flatws.seg,0.6,664.2,885.6,221.4,796.9,796.9,0,0,778,778,1,0,4,0,1
218.enc.11.csv,396,uws,0.2,784.3,1195.6,411.3,914.1,914.1,0,0,1195.6,1195.6,1,1,1,0,1
218.enc.11.csv,407,pulse.flat,1,610.5,5852.6,5242.1,820.3,820.3,804.9,809.8,736,610.5,1.2,0,1,0,1
218.enc.93.csv,3,nws,0.3,427.8,1176.5,748.7,914.1,937.5,0,0,497,427.8,1.2,1,1,0,1
218.enc.93.csv,7,rws,0.2,1576,2096.3,520.3,1968.8,1968.8,0,0,1576,1936,0.8,0,1,0,1
218.enc.93.csv,8,rws,0.5,1552.1,2117.6,565.5,1992.2,1992.2,0,0,1552.1,1979,0.8,0,1,0,1
218.enc.93.csv,10,uws,0.4,733,1097.8,364.8,820.3,820.3,0,0,1097.8,1097.8,1,1,1,0,1
218.enc.93.csv,15,uws,0.3,776,1135.6,359.6,914.1,937.5,0,0,1135.6,1135.6,1,1,1,0,1
218.enc.93.csv,18,flatws.seg,1.1,791.4,962.6,171.1,867.2,867.2,0,0,844,815,1,0,3,0,1
218.enc.93.csv,22,aws,0.4,1633.5,2246,612.5,1921.9,1828.1,0,0,1633.5,2246,0.7,0,1,0,1
218.enc.93.csv,23,rws,0.2,1390.4,2032.1,641.7,1921.9,1921.9,0,0,1390.4,2032.1,0.7,0,1,0,1
218.enc.93.csv,24,flatws,0.8,1861,2010.7,149.7,1945.3,1945.3,0,0,1936,1936,1,0,1,0,1
218.enc.93.csv,25,flatws,0.7,1796.8,1946.5,149.7,1875,1851.6,0,0,1946.5,1892,1,0,1,0,1
218.enc.93.csv,29,aws,0.6,6455.3,8544.5,2089.2,7312.5,7312.5,0,0,6455.3,8544.5,0.8,0,1,0,1
218.enc.93.csv,41,pulse.d.bc,0.9,652.9,6178,5525.1,1734.4,1828.1,895,2022.3,2079,652.9,3.2,0,1,1,1
218.enc.93.csv,44,modws,0.9,1947.6,3379.4,1431.8,2718.8,2812.5,0,0,2779,3379.4,0.8,16,1,0,1
218.enc.93.csv,45,dws,0.6,1197.9,1861,663.1,1687.5,1687.5,0,0,1861,1197.9,1.6,0,1,0,1
218.enc.93.csv,46,pulse.flat,0.8,556.2,4397.9,3841.8,1664.1,703.1,736.6,853.7,803,556,1.4,0,1,0,1
218.enc.93.csv,48,aws,0.5,3764.7,6282.7,2518,5109.4,5929.7,0,0,3764.7,6282.7,0.6,0,1,0,1
218.enc.93.csv,49,pulse.a,0.6,789.2,10219.9,9430.7,1781.3,1757.8,456.7,591.8,789.2,1523,0.5,0,1,0,1
218.enc.93.csv,52,modws.t,0.7,1842.9,3183.2,1340.3,2835.9,2812.5,0,0,3183.2,1842.9,1.7,12,1,0,1
218.enc.93.csv,54,modws,0.6,607.3,1277.5,670.2,960.9,984.4,0,0,800,1277.5,0.6,9,1,0,1
218.enc.93.csv,55,pulse.flat.seg.1,0.9,774.9,3644,2869.1,1734.4,1757.8,853.1,1742.4,1950,1717,1.1,0,2,0,1
218.enc.93.csv,57,modws.seg,1.1,607.3,1696.3,1089,843.8,750,0,0,1150,1252,0.9,16,15,0,1
218.enc.93.csv,58,dws,0.3,1578.4,3557.2,1978.8,1968.8,1757.8,0,0,3557.2,1578.4,2.3,0,1,0,1
218.enc.93.csv,61,dws,0.2,809.4,2084.3,1274.9,1007.8,984.4,0,0,2084.3,809.4,2.6,0,1,0,1
218.enc.93.csv,64,uws.seq,0.6,748.7,1411.7,663,820.3,796.9,0,0,1310,1324,1,5,1,0,5
218.enc.93.csv,84,pulse.flat.seg.3,0.8,684.5,3336.9,2652.4,843.8,820.3,782.7,1757.5,1499,1412,1.1,0,2,0,1
218.enc.93.csv,87,nws.seg,0.4,5493.4,6574.1,1080.7,6421.9,6421.9,0,0,5493.4,5493.4,1,1,3,0,1
218.enc.93.csv,88,pulse.flat.seg.1,0.6,1497.5,7349.2,5851.7,1781.3,1781.3,889.1,1797.6,1819,1630,1.1,0,2,0,1
218.enc.93.csv,97,pulse.flat,0.6,546.4,3937.2,3390.8,937.5,937.5,945.1,952,546.4,830,0.7,0,1,0,1
218.enc.93.csv,98,pulse.a,0.6,705.8,3278.7,2572.8,960.9,937.5,901.7,1076.4,705.8,1164,0.6,0,1,0,1
218.enc.93.csv,99,aws,0.2,1823.6,2203.2,379.6,1921.9,1921.9,0,0,1921,2203.2,0.9,0,1,0,1
218.enc.93.csv,101,rws,0.2,1517.7,1989.3,471.6,1898.4,1898.4,0,0,1517.7,1892,0.8,0,1,0,1
218.enc.93.csv,102,rws,0.2,1582.9,1946.5,363.6,1851.6,1851.6,0,0,1582.9,1878,0.8,0,1,0,1
218.enc.93.csv,108,pulse.flat.seg.1,1,715.2,5702,4986.8,1781.3,1710.9,937.4,1807.2,1936,1601,1.2,0,2,0,1
218.enc.93.csv,110,pulse.flat.seg.1,1.3,635.8,5483.4,4847.7,1757.8,1781.3,840.8,1836.2,1703,1572,1.1,0,2,0,1
218.enc.93.csv,119,dws,0.4,1390.7,2046.4,655.6,1828.1,1875,0,0,2046.4,1390.7,1.5,0,1,0,1
218.enc.93.csv,120,flatws,0.4,705.9,919.8,213.9,843.8,867.2,0,0,859,919.8,0.9,0,1,0,1
218.enc.93.csv,121,dws,0.3,1390.4,2224.6,834.2,1875,1945.3,0,0,2224.6,1390.4,1.6,0,1,0,1
218.enc.93.csv,124,dws,0.7,3178.8,4331.1,1152.3,3515.6,3492.2,0,0,4331.1,3178.8,1.4,0,1,0,1
218.enc.238.csv,5,flatws,0.5,1387,1555.2,168.1,1476.6,1476.6,0,0,1497,1466,1,0,1,0,1
218.enc.238.csv,6,flatws,0.8,1260.9,1513.1,252.2,1429.7,1429.7,0,0,1513.1,1513.1,1,0,1,0,1
218.enc.238.csv,9,dws,0.2,1576,2499.1,923.1,1898.4,1875,0,0,2499.1,1576,1.6,0,1,0,1
218.enc.238.csv,13,flatws,0.6,1345,1555.2,210.2,1429.7,1429.7,0,0,1555.2,1419,1.1,0,1,0,1
218.enc.238.csv,15,nws,0.2,588.4,1050.8,462.3,890.6,960.9,0,0,718,588.4,1.2,1,1,0,1
218.enc.238.csv,19,dws,0.3,408.4,2508.9,2100.5,960.9,960.9,0,0,2508.9,408.4,6.1,0,1,0,1
218.enc.238.csv,21,dws,0.4,369.5,2556,2186.5,1054.7,1242.2,0,0,2556,369.5,6.9,0,1,0,1
218.enc.238.csv,22,dws,0.5,336.3,2664.3,2328,796.9,773.4,0,0,2664.3,336.3,7.9,0,1,0,1
218.enc.238.csv,23,dws,0.3,672.5,2685.9,2013.4,1734.4,2203.1,0,0,2685.9,672.5,4,0,1,0,1
218.enc.238.csv,24,flatws,0.5,1282,1471.1,189.1,1382.8,1406.3,0,0,1471.1,1341,1.1,0,1,0,1
218.enc.238.csv,25,dws,0.7,3026.3,4581.4,1555.2,3445.3,3140.6,0,0,4581.4,3026.3,1.5,0,1,0,1
218.enc.238.csv,26,flatws,0.5,1387,1555.2,168.1,1453.1,1453.1,0,0,1555.2,1466,1.1,0,1,0,1
218.enc.238.csv,32,dws,0.5,369.5,3174.6,2805.1,1781.3,1875,0,0,3174.6,369.5,8.6,0,1,0,1
218.enc.238.csv,39,pulse.d.seg,1.7,546.4,7082,6535.5,960.9,796.9,122.4,370.7,951,546.4,1.7,0,3,0,1
218.enc.238.csv,42,modws.t,0.7,306,3344.3,3038.3,820.3,679.7,0,0,3344.3,306,10.9,4,1,0,1
218.enc.238.csv,43,modws.t,0.9,289.7,3517.2,3227.5,773.4,679.7,0,0,2870,289.7,9.9,6,1,0,1
218.enc.238.csv,44,dws,0.4,289.7,2751.7,2462,773.4,796.9,0,0,2751.7,289.7,9.5,0,1,0,1
218.enc.238.csv,47,dws,0.3,289.7,2819.7,2530,796.9,679.7,0,0,2819.7,289.7,9.7,0,1,0,1
218.enc.238.csv,48,uws,0.2,3868.9,5420.8,1551.9,4101.6,4031.3,0,0,5420.8,5420.8,1,1,1,0,1
218.enc.238.csv,49,dws,0.4,393.1,2689.7,2296.6,890.6,914.1,0,0,2689.7,393.1,6.8,0,1,0,1
218.enc.238.csv,50,flatws,0.6,1282,1471.1,189.1,1359.4,1359.4,0,0,1471.1,1341,1.1,0,1,0,1
218.enc.238.csv,52,uws.seq,1.1,3847,4749.6,902.6,4148.4,4171.9,0,0,4586,4749.6,1,8,1,0,8
218.enc.238.csv,53,pulse.d.seg,1.6,502.7,5049.2,4546.4,960.9,820.3,197.3,436,889,502.7,1.8,0,3,0,1
218.enc.238.csv,63,dws.seg,0.5,310.3,3650.3,3340,867.2,890.6,0,0,3650.3,310.3,11.8,0,2,0,1
218.enc.238.csv,65,dws.seg,0.5,331,4158.6,3827.6,914.1,914.1,0,0,4158.6,331,12.6,0,2,0,1
218.enc.238.csv,67,dws,0.4,372.4,2690,2317.6,820.3,796.9,0,0,2690,372.4,7.2,0,1,0,1
218.enc.238.csv,68,pulse.flat.seg,1.1,721.3,6786.2,6064.9,890.6,843.8,424.4,453.4,827,721.3,1.1,0,2,0,1
218.enc.238.csv,71,dws,0.3,441.3,1137.9,696.6,703.1,679.7,0,0,1137.9,441.3,2.6,0,1,0,1
218.enc.238.csv,74,dottrill,0.5,3227.4,3963.9,736.5,3703.1,3726.6,0,0,3227.4,3790,0.9,0,1,0,10
218.enc.238.csv,83,uws.seq,1.4,3803.9,4875.7,1071.8,4101.6,4078.1,0,0,4773,4875.7,1,8,1,0,8
218.enc.238.csv,87,uws.seq,1.6,3534.7,6163.9,2629.2,4078.1,3914.1,0,0,6163.9,4664,1.3,9,1,0,9
218.enc.238.csv,88,dottrill,1,4287.2,4665.5,378.3,4476.6,4523.4,0,0,4430,4665.5,0.9,0,1,0,25
218.enc.238.csv,90,pulse.d.seg,1.2,437.2,12000,11562.8,984.4,960.9,137.7,416.9,889,437.2,2,0,3,0,1
218.enc.238.csv,91,pulse.flat.seg,1.2,695.1,11694,10998.9,2835.9,1031.3,102.4,443.8,780,827,0.9,0,2,0,1
218.enc.238.csv,92,pulse.flat.seg,1.2,735.9,11737.7,11001.8,1031.3,984.4,87.7,448.2,735.9,735.9,1,0,2,0,1
218.enc.238.csv,93,pulse.flat.seg,1.2,776.8,9682.3,8905.5,3046.9,984.4,86.9,437.3,776.8,776.8,1,0,2,0,1
218.enc.238.csv,95,pulse.d.seg,0.7,349.7,12000,11650.3,3421.9,562.5,126.2,321.6,452,349.7,1.3,0,4,0,1
218.enc.238.csv,96,pulse.mod.seg,1.1,1206.1,12000,10793.9,7593.8,8039.1,449.3,681.8,7081,7324,1,4,3,0,1
218.enc.238.csv,104,pulse.flat.seg,1.3,786.9,9546,8759.1,2742.2,960.9,97.1,456.9,786.9,949,0.8,0,2,0,1
218.enc.238.csv,105,pulse.flat.seg,1.4,699.5,9568.5,8869,2226.6,937.5,123.8,460.2,699.5,772,0.9,0,2,0,1
218.enc.238.csv,120,pulse.flat.seg.3,1.2,697.9,6579.2,5881.3,2062.5,1875,1057.2,1613.3,1630,1368,1.2,0,2,0,1
218.enc.238.csv,122,pulse.flat.seg.3,1.1,652.9,3164.4,2511.5,1945.3,1640.6,885.6,1572.1,1412,1324,1.1,0,2,0,1
218.enc.238.csv,124,pulse.flat.seg.3,1.2,675.4,3226,2550.6,1851.6,1851.6,988.6,1537.8,1566,1412,1.1,0,2,0,1
218.enc.238.csv,127,trill,1.4,4006.8,4520.5,513.7,4289.1,4312.5,0,0,4006.8,4147,1,12,1,0,12
218.enc.238.csv,128,trill,2.2,4068.5,4561.6,493.2,4335.9,4359.4,0,0,4301,4068.5,1.1,18,1,0,18
218.enc.238.csv,129,pulse.d.seg,0.8,808.7,10100.5,9291.8,3914.1,937.5,339.2,427.3,2691,1632,1.6,0,3,0,1
218.enc.238.csv,134,pulse.flat.seg,1.1,1661.2,9140.7,7479.5,3890.6,3023.4,430.8,450.4,2934,3000,1,0,2,0,1
218.enc.238.csv,135,pulse.flat.seg,1.1,1801.1,9320.8,7519.7,3796.9,4171.9,396,426.4,2426,2338,1,0,3,0,1
218.enc.238.csv,136,pulse.d.seg,1.3,572.9,8021.9,7449,3843.8,4078.1,326,436.2,926,572.9,1.6,0,3,0,1
218.enc.238.csv,137,pulse.d.seg,1.4,452.3,8532.7,8080.4,3984.4,4125,299.6,427.3,882,452.3,2,0,3,0,1
218.enc.238.csv,138,pulse.d.seg,1.4,542.7,11369.6,10826.9,4218.8,4218.8,277.1,453.1,2096,1456,1.4,0,4,0,1
218.enc.238.csv,139,pulse.mod.seg,1.2,1778.6,9365.9,7587.2,4148.4,4054.7,326.5,419.2,2007,1985,1,6,2,0,1
218.enc.238.csv,145,dws,0.5,5219.2,6452.1,1232.9,5578.1,5578.1,0,0,6452.1,5219.2,1.2,0,1,0,1
218.enc.238.csv,146,flatws,0.4,6842.5,6945.2,102.7,6914.1,6890.6,0,0,6945.2,6842.5,1,0,1,0,1
218.enc.238.csv,147,flatws,0.1,6719.2,6883.6,164.4,6820.3,6820.3,0,0,6801,6883.6,1,0,1,0,1
218.enc.238.csv,148,flatws,0.2,6780.8,6945.2,164.4,6867.2,6890.6,0,0,6780.8,6863,1,0,1,0,1
218.enc.238.csv,149,flatws,0.4,6801.4,6924.7,123.3,6867.2,6867.2,0,0,6924.7,6847,1,0,1,0,1
218.enc.238.csv,156,modws.seg,0.9,5561,10068.3,4507.3,7171.9,7101.6,0,0,10068.3,6265,1.6,6,4,0,1
218.enc.238.csv,168,dws.seg,1,5005.5,6459.9,1454.5,5578.1,5109.4,0,0,6459.9,5005.5,1.3,0,4,0,1
218.enc.238.csv,174,aws.seg,0.6,3407.7,6585.4,3177.7,4757.8,6351.6,0,0,3407.7,6585.4,0.5,0,2,0,1
218.enc.238.csv,179,trill,1,3951.2,4432.1,480.8,4218.8,4312.5,0,0,3951.2,4125,1,7,1,0,7
218.enc.298.csv,4,aws.seg,0.7,3846.2,5493.4,1647.3,4640.6,4664.1,0,0,3846.2,5493.4,0.7,0,2,0,1
218.enc.298.csv,7,pulse.flat.seg.2,0.8,607.9,5088.2,4480.3,960.9,960.9,926.2,1631.3,905,1575,0.6,0,3,0,1
218.enc.298.csv,8,pulse.flat.seg.2,1,562.9,4971.4,4408.6,914.1,703.1,898.6,1534.5,780,1560,0.5,0,3,0,1
218.enc.298.csv,12,aws,0.5,813.2,1274.7,461.5,984.4,984.4,0,0,813.2,1274.7,0.6,0,1,0,1
218.enc.298.csv,16,nws,0.3,1516.5,2285.7,769.2,1945.3,1710.9,0,0,1516.5,1516.5,1,1,1,0,1
218.enc.298.csv,17,modws,1.8,791.2,1711.1,919.9,1195.3,914.1,0,0,1235,791.2,1.6,6,1,0,1
218.enc.298.csv,20,pulse.flat,0.8,472.8,4007.5,3534.7,937.5,914.1,819.5,943.1,926,618,1.5,0,1,0,1
218.enc.298.csv,22,modws,1.4,2206.4,4367.7,2161.4,3609.4,3937.5,0,0,4015,2360,1.7,13,1,0,1
218.enc.298.csv,25,dws.seg,1.2,1585.7,3235.7,1650,2085.9,2156.3,0,0,3235.7,1585.7,2,0,3,0,1
218.enc.298.csv,26,pulse.flat,1.6,321.2,5778.6,5457.4,937.5,890.6,826,956.1,838,463,1.8,0,1,0,1
218.enc.298.csv,47,pulse.flat,0.5,729.1,2871.4,2142.3,1828.1,2203.1,843,920,729.1,729.1,1,0,1,0,1
218.enc.298.csv,51,aws,0.5,4570.4,7046.9,2476.5,5671.9,5015.6,0,0,4570.4,7046.9,0.6,0,1,0,1
218.enc.298.csv,53,uws,0.4,1626.4,2989,1362.6,1804.7,1734.4,0,0,2989,2989,1,1,1,0,1
218.enc.298.csv,81,pulse.flat,1,2881.8,10941.8,8060,3468.8,3070.3,1522.3,1540.7,2964,2881.8,1,0,1,0,1
218.enc.298.csv,83,flatws,0.3,4087.9,4263.7,175.8,4171.9,4171.9,0,0,4263.7,4180,1,0,1,0,1
218.enc.298.csv,88,pulse.d,0.6,1307.1,9750,8442.9,1687.5,1710.9,1546.9,1605.3,1747,1307.1,1.3,0,1,0,1
218.enc.298.csv,95,aws.seq,1.2,5538.5,9824.2,4285.7,7898.4,6328.1,0,0,7721,8824,0.9,0,1,0,6
218.enc.298.csv,99,uws,0.2,7497.2,8352.7,855.5,7687.5,7617.2,0,0,8352.7,8352.7,1,1,1,0,1
218.enc.298.csv,103,pulse.mod,0.7,2807.1,11479.2,8672,4898.4,4921.9,263.2,340.3,3397,3419,1,13,1,0,1
218.enc.298.csv,107,pulse.flat,1,520.8,3775,3254.2,914.1,937.5,868.3,936.6,520.8,520.8,1,0,1,0,1
218.enc.298.csv,109,nws.seq,1.6,6062.5,6562.5,500,6328.1,6445.3,0,0,6062.5,6062.5,1,16,1,0,16
218.enc.298.csv,115,trill,1.7,4197.8,4747.3,549.5,4570.3,4593.8,0,0,4456,4235,1.1,16,1,0,16
218.enc.298.csv,117,flatws,0.4,769.2,967,197.8,914.1,937.5,0,0,967,750,1.3,0,1,0,1
218.enc.298.csv,126,flatws.seg,1.2,1164.8,1582.4,417.6,1476.6,1453.1,0,0,1164.8,1390,0.8,0,4,0,1
218.enc.298.csv,147,aws.seq,1.5,6044,10351.6,4307.7,7406.3,7429.7,0,0,8471,10351.6,0.8,0,1,0,7
218.enc.298.csv,148,aws.seq,0.6,6064.3,10350,4285.7,7687.5,7875,0,0,6064.3,10350,0.6,0,1,0,3
218.enc.298.csv,157,uws.seq,2.2,3472.5,5098.9,1626.4,3960.9,3984.4,0,0,5098.9,4522,1.1,13,1,0,13
218.enc.298.csv,159,uws.seq,1.9,3692.3,4813.2,1120.9,4101.6,4078.1,0,0,4588,4081,1.1,12,1,0,12
218.enc.298.csv,160,uws.seq,1.7,3759.9,5538.5,1778.6,4125,3843.8,0,0,4632,4787,1,11,1,0,11
218.enc.298.csv,161,pulse.mod.seg,1.4,1735.7,8893.1,7157.3,3445.3,3515.6,421.2,1255.2,2338,2426,1,17,2,0,1
218.enc.298.csv,163,uws,0.5,5133.2,7789.9,2656.7,7054.7,7265.6,0,0,7789.9,7789.9,1,1,1,0,1
218.enc.298.csv,167,pulse.d,0.4,540.3,5110.7,4570.4,867.2,867.2,719.5,894.8,860,540.3,1.6,0,1,0,1
218.enc.298.csv,169,pulse.mod.seg,0.9,1535.4,11633.8,10098.4,3820.3,3820.3,864,1035.9,1535.4,1765,0.9,2,2,0,1
218.enc.298.csv,175,uws,0.2,4392.9,4928.6,535.7,4664.1,4757.8,0,0,4928.6,4928.6,1,1,1,0,1
218.enc.298.csv,177,pulse.n,0.7,3054.9,5033,1978,3703.1,3726.6,481.6,481.6,3054.9,3054.9,1,1,1,0,1
218.enc.298.csv,178,aws.seg,0.6,3274.7,5252.7,1978,4101.6,4101.6,0,0,3274.7,5252.7,0.6,0,5,0,1
218.enc.313.csv,2,nws.seg,0.5,347.8,1869.6,1521.7,1242.2,1734.4,0,0,662,347.8,1.9,1,3,0,1
218.enc.313.csv,3,modws.m,1.2,1565.2,2413,847.8,1757.8,1664.1,0,0,1676,1565.2,1.1,3,1,0,1
218.enc.313.csv,7,nws,0.4,350.5,1456.5,1106,1195.3,796.9,0,0,485,350.5,1.4,1,1,0,1
218.enc.313.csv,12,nws,0.8,450.3,1891.3,1441,1312.5,1265.6,0,0,662,463,1.4,1,1,0,1
218.enc.313.csv,13,nws,0.4,739.1,1413,673.9,1289.1,1265.6,0,0,842,739.1,1.1,1,1,0,1
218.enc.313.csv,22,pulse.mod,0.7,514.3,4998.1,4483.8,2039.1,2085.9,212.5,303.1,1482,1731,0.9,7,1,0,1
218.enc.313.csv,29,pulse.mod.seg,0.8,826.1,10851.8,10025.7,4664.1,937.5,554.5,558.8,3759,3806,1,5,3,0,1
218.enc.313.csv,30,pulse.mod.seg,0.9,1478.3,10760.9,9282.6,4710.9,4734.4,550.2,584.6,3744,4055,0.9,6,5,0,1
218.enc.313.csv,35,aws.seg,0.4,7001.9,7956.5,954.6,7851.6,7875,0,0,7001.9,7799,0.9,0,2,0,1
218.enc.313.csv,36,aws.seg,0.3,6536.1,7847.8,1311.7,7007.8,6890.6,0,0,6536.1,7847.8,0.8,0,2,0,1
218.enc.313.csv,37,pulse.mod.seg,1.1,1148.2,8735.5,7587.2,4265.6,4289.1,136.8,717.3,2605,2574,1,7,3,0,1
218.enc.313.csv,38,pulse.mod.seg,1.1,1175.3,8915.6,7740.3,4289.1,5015.6,142.8,720.4,2776,2620,1.1,8,4,0,1
218.enc.313.csv,39,pulse.mod.seg,0.9,1373.4,8555.3,7182,4265.6,4921.9,124.7,708.2,2776,2730,1,9,3,0,1
218.enc.313.csv,40,pulse.mod.seg,0.9,1092.8,8618.6,7525.8,4710.9,4781.3,124.7,677.8,3915,3447,1.1,8,3,0,1
229.enc.15.csv,1,pulse.d.bc,1.1,1307.6,6875.2,5567.7,1757.8,1710.9,696.9,1831,1699,1307.6,1.3,0,1,1,1
229.enc.15.csv,2,pulse.d.bc,1.1,1265.4,7149.4,5884,1734.4,1710.9,665,1739.9,1632,1265.4,1.3,0,1,1,1
229.enc.61.csv,7,uws,0.3,968.4,1389.5,421.1,1148.4,1171.9,0,0,1389.5,1279,1.1,1,1,0,1
229.enc.61.csv,18,dws.seq.t,1.7,720.5,2161.4,1440.9,867.2,867.2,0,0,2161.4,889,2.4,0,1,0,7
229.enc.61.csv,29,flatws.seg,0.9,863.2,1052.6,189.5,960.9,960.9,0,0,1052.6,936,1.1,0,3,0,1
229.enc.61.csv,47,nws.seg,0.5,411.6,1624.5,1213,796.9,843.8,0,0,764,411.6,1.9,1,3,0,1
229.enc.61.csv,64,dws.seq.t,1.5,720.5,2093.8,1373.4,867.2,867.2,0,0,2093.8,720.5,2.9,0,1,0,12
229.enc.61.csv,71,flatws.seg,0.9,736.8,945.6,208.7,843.8,820.3,0,0,842,736.8,1.1,0,7,0,1
229.enc.61.csv,81,flatws.seg,1.8,1726.3,1936.8,210.5,1828.1,1828.1,0,0,1747,1726.3,1,0,7,0,1
229.enc.61.csv,82,flatws.seg,1.7,1705.3,1936.8,231.6,1828.1,1875,0,0,1794,1705.3,1.1,0,7,0,1
229.enc.69.csv,3,dws.seg,0.9,1788.6,2641.2,852.7,1968.8,1968.8,0,0,2641.2,1788.6,1.5,0,3,0,1
229.enc.69.csv,4,dws.seg,1,1871.8,3452.3,1580.6,2367.2,2015.6,0,0,3452.3,1871.8,1.8,0,2,0,1
229.enc.116.csv,14,pulse.flat,1.1,1349.7,6052.7,4703,2976.6,3000,1473.2,1492.7,1349.7,1349.7,1,0,1,0,1
229.enc.116.csv,23,pulse.d,0.9,698.4,10401.5,9703.1,1593.8,1593.8,609.9,1634.4,4765,698.4,6.8,0,1,0,1
229.enc.116.csv,26,pulse.flat.seg,1.6,822.5,12000,11177.5,3867.2,3585.9,234.2,241,4103,4279,1,0,4,0,1
229.enc.116.csv,60,pulse.mod,0.4,3000,11910,8910,5367.2,3656.3,425,462.5,3706,3529,1.1,2,1,0,1
229.enc.116.csv,62,pulse.a,0.7,1919.2,11970,10050.8,3539.1,3421.9,288.9,349.5,2206,3000,0.7,0,1,0,1
229.enc.116.csv,63,pulse.a,0.5,801.4,9300.5,8499.1,1101.6,1078.1,1029.8,1169.6,801.4,993,0.8,0,1,0,1
229.enc.116.csv,67,modws.m,0.7,5525.5,7655.5,2130.1,6843.8,5671.9,0,0,6287,5735,1.1,3,1,0,1
229.enc.116.csv,71,pulse.flat.seg.2,1,632.7,2454,1821.3,1617.2,1640.6,1050.7,1576,904,1575,0.6,0,3,0,1
229.enc.116.csv,73,pulse.d.seg,2,337.4,9388.4,9050.9,609.4,562.5,560.6,678.3,593,337.4,1.8,0,5,0,1
229.enc.116.csv,94,pulse.flat.seg,1.4,3606.3,12000,8393.7,4570.3,4312.5,211.6,281.9,4289,4305,1,0,8,0,1
229.enc.116.csv,107,pulse.flat,0.8,485.1,10987.7,10502.6,4031.3,4007.8,209.2,230,1653,1685,1,0,1,0,1
229.enc.116.csv,108,pulse.flat.seg.4,1.4,991.2,5684.2,4693,1828.1,1945.3,873,1419,1357,1794,0.8,0,2,0,1
229.enc.116.csv,115,aws.seq,0.8,1643.5,2701.7,1058.2,2179.7,2179.7,0,0,1763,2701.7,0.7,0,1,0,4
229.enc.116.csv,128,pulse.flat,1.1,1260.8,11797.4,10536.6,4265.6,4546.9,231.4,229.9,3088,3135,1,0,1,0,1
229.enc.116.csv,134,modws.seg.t,1.3,715.8,1740,1024.2,914.1,914.1,0,0,873,1591,0.5,5,6,0,1
229.enc.116.csv,135,modws.seg.t,1,673.7,1740,1066.3,937.5,796.9,0,0,873,1575,0.6,3,4,0,1
229.enc.120.csv,6,modws.m.seg,1.1,695.4,1430.5,735.1,960.9,1007.8,0,0,873,695.4,1.3,3,3,0,1
229.enc.120.csv,7,modws.m.seg,1.3,675.5,1414.1,738.6,1007.8,1007.8,0,0,811,675.5,1.2,3,3,0,1
229.enc.120.csv,40,pulse.d,1.5,541.7,11669.5,11127.8,2179.7,656.3,539.6,728.5,3073,2308,1.3,0,1,0,1
229.enc.120.csv,41,pulse.flat.seg.3,0.6,666.7,7520.8,6854.1,1757.8,1734.4,892.5,1510.3,1685,14666,0.1,0,2,0,1
229.enc.120.csv,42,pulse.flat.seg.3,1.1,702.2,7437.5,6735.3,1804.7,1828.1,981.7,1613.3,1669,1622,1,0,2,0,1
229.enc.120.csv,43,pulse.flat.seg.3,0.7,743.5,8562.5,7819,2085.9,2109.4,968,1764.3,1794,1731,1,0,2,0,1
229.enc.120.csv,44,modws.sa.seq,1.8,5122.2,8736.8,3614.6,6609.4,6445.3,0,0,8054,5731,1.4,10,1,0,6
229.enc.120.csv,45,pulse.flat.seg.3,1.3,681.6,7229.2,6547.6,1640.6,1593.8,830.7,1592.7,1515,1382,1.1,0,2,0,1
229.enc.120.csv,46,pulse.n,0.6,625,8479.2,7854.2,1171.9,1195.3,680.6,1386.8,956,625,1.5,1,1,0,1
229.enc.120.csv,48,pulse.mod,1.3,1053.4,9191.1,8137.7,3257.8,2695.3,788.9,1352.4,1632,1809,0.9,2,1,0,1
229.enc.120.csv,49,pulse.mod,2.7,1487.1,8385.5,6898.5,2531.3,2132.8,592.2,746.9,1765,2103,0.8,3,1,0,1
229.enc.120.csv,53,modws.sa,0.2,4543.9,8064.5,3520.6,6117.2,5343.8,0,0,8064.5,4543.9,1.8,2,1,0,1
229.enc.120.csv,54,aws.seq,0.8,6520.8,9831.3,3310.5,7687.5,7125,0,0,6690,9646,0.7,0,1,0,4
229.enc.120.csv,57,modws.sa,0.2,5313.3,8532.8,3219.5,6304.7,6281.3,0,0,8532.8,5313.3,1.6,2,1,0,1
229.enc.120.csv,61,pulse.flat.seg.4,0.8,660.9,4853.7,4192.8,984.4,796.9,948.4,1596.8,794,1397,0.6,0,2,0,1
229.enc.120.csv,62,pulse.flat.seg.4,0.9,764.2,3180.7,2416.5,1546.9,1570.3,889.6,1573.9,912,1441,0.6,0,2,0,1
229.enc.120.csv,66,pulse.a,0.7,268.5,11628.2,11359.7,492.2,445.3,391.4,466,268.5,465,0.6,0,1,0,1
229.enc.120.csv,67,pulse.a,0.9,2541.7,11729.2,9187.5,5671.9,4640.6,438,535.9,3368,4735,0.7,0,1,0,1
229.enc.120.csv,68,pulse.a,1,145.8,11916.7,11770.9,984.4,609.4,321.5,484.6,145.8,662,0.2,0,1,0,1
229.enc.120.csv,69,modws.sa,0.2,4818,8285.2,3467.2,6210.9,6117.2,0,0,8285.2,4818,1.7,2,1,0,1
229.enc.120.csv,70,pulse.flat.seg.3,0.5,743,3197,2454,1640.6,1593.8,851.2,1757.4,743,1397,0.5,0,2,0,1
229.enc.120.csv,80,aws.seq,0.9,6154.9,9958.3,3803.4,6914.1,6726.6,0,0,6154.9,9958.3,0.6,0,1,0,4
229.enc.120.csv,81,pulse.flat.seg.4,1.1,708.3,3325.3,2617,1593.8,1617.2,889.6,1656,794,1574,0.5,0,2,0,1
229.enc.130.csv,28,pulse.n,0.4,675.4,6011.3,5335.8,984.4,843.8,796.2,982.3,675.4,675.4,1,1,1,0,1
229.enc.130.csv,30,nws.seq,0.2,2715.8,3052.6,336.8,2906.3,2906.3,0,0,2715.8,2715.8,1,2,1,0,2
229.enc.130.csv,31,nws.seq,0.4,2673.7,2989.5,315.8,2835.9,2812.5,0,0,2673.7,2673.7,1,2,1,0,3
229.enc.130.csv,32,nws.seq,0.3,2568.4,3052.6,484.2,2789.1,2812.5,0,0,2886,2568.4,1.1,2,1,0,3
229.enc.130.csv,45,aws,0.2,5988.7,9771.1,3782.4,7781.3,7031.3,0,0,5988.7,9771.1,0.6,0,1,0,1
229.enc.130.csv,48,modws.sa.seq,2.7,5528.6,8121.4,2592.9,6679.7,6609.4,0,0,8121.4,5528.6,1.5,13,1,0,7
229.enc.130.csv,54,pulse.a,1.4,642.9,8014.3,7371.4,914.1,867.2,316.8,475.3,642.9,1045,0.6,0,1,0,1
229.enc.130.csv,55,pulse.mod,1.2,484.2,8021.1,7536.8,890.6,984.4,636.4,948,749,484.2,1.5,3,1,0,1
229.enc.130.csv,57,modws.sa.seq,1.5,5228.6,8485.7,3257.1,6750,6585.9,0,0,6846,5228.6,1.3,9,1,0,3
229.enc.130.csv,61,aws.seg,1.2,3664.3,5957.9,2293.6,4664.1,4687.5,0,0,3664.3,5957.9,0.6,0,2,0,1
229.enc.130.csv,71,modws.sa.seq,0.9,5571.4,8507.1,2935.7,6843.8,5835.9,0,0,8507.1,5571.4,1.5,6,1,0,3
229.enc.130.csv,72,modws.m,0.7,3214.3,5515.8,2301.5,4523.4,4523.4,0,0,3214.3,3399,0.9,3,1,0,1
229.enc.130.csv,77,uws.seq,0.8,3690.8,4863.2,1172.4,4242.2,4242.2,0,0,4863.2,4600,1.1,5,1,0,5
229.enc.130.csv,79,pulse.flat.seg.4,0.7,665.5,7757.1,7091.6,1031.3,984.4,1035.5,1524.2,967,1529,0.6,0,2,0,1
229.enc.130.csv,81,pulse.d.seg,1.1,385.7,8314.3,7928.6,703.1,703.1,627.5,945.9,1014,385.7,2.6,0,2,0,1
229.enc.130.csv,84,modws.sa.seq,1.6,5431.6,7705.3,2273.7,6421.9,6468.8,0,0,7705.3,6114,1.3,11,1,0,5
229.enc.130.csv,95,modws.sa.seq,1,5121.4,8485.7,3364.3,6656.3,6421.9,0,0,8485.7,5948,1.4,6,1,0,3
229.enc.130.csv,105,modws.sa.seq,0.9,5969.7,7704.2,1734.5,6937.5,6914.1,0,0,7401,6095,1.2,5,1,0,3
229.enc.130.csv,106,modws.seg.t,1.3,631.6,1663.2,1031.6,1570.3,1570.3,0,0,631.6,1512,0.4,3,4,0,1
229.enc.130.csv,110,aws.seq,0.7,4928.6,10478.6,5550,7523.4,7218.8,0,0,4928.6,9371,0.5,0,1,0,3
229.enc.130.csv,118,aws.seq,0.5,5614.3,10778.6,5164.3,6656.3,6492.2,0,0,5614.3,10778.6,0.5,0,1,0,2
229.enc.131.csv,3,pulse.flat.seg.2,0.9,590.2,5055.7,4465.5,890.6,890.6,953.9,1631.4,750,1566,0.5,0,3,0,1
229.enc.131.csv,6,pulse.flat.bc,0.9,1534.2,10465.8,8931.7,1757.8,1734.4,883.6,1745,1665,1534.2,1.1,0,1,1,1
229.enc.131.csv,8,pulse.d.bc,1.2,316.3,8599.7,8283.4,796.9,820.3,403.1,847.2,832,316.3,2.6,0,1,1,1
229.enc.131.csv,17,pulse.n,0.4,1324,11411.6,10087.6,1617.2,1617.2,1396.5,1637.3,1324,1324,1,1,1,0,1
229.enc.131.csv,22,trill,1.2,2479.9,3173.4,693.5,2835.9,2835.9,0,0,2613,2479.9,1.1,8,1,0,8
229.enc.131.csv,25,trill,1,2458.8,3152.4,693.5,2765.6,2695.3,0,0,2458.8,2568,1,9,1,0,9
229.enc.131.csv,33,trill,2.8,2500.9,3152.4,651.5,2835.9,2718.8,0,0,2500.9,2688,0.9,19,1,0,24
229.enc.131.csv,36,dottrill,1.3,5905.4,6472.9,567.4,6117.2,5929.7,0,0,6218,5905.4,1.1,0,1,0,28
229.enc.131.csv,42,uws.seq,0.9,3787.3,6662,2874.7,4171.9,3890.6,0,0,6662,6662,1,2,1,0,2
229.enc.131.csv,44,trill,2.2,2563.9,3215.4,651.5,2953.1,3046.9,0,0,2563.9,2673,1,14,1,0,16
229.enc.131.csv,50,trill,1.8,2696.4,3215.4,519,2953.1,2976.6,0,0,2696.4,2696.4,1,12,1,0,15
229.enc.131.csv,54,pulse.mod,1.4,802.7,6484.1,5681.4,1898.4,914.1,802.1,967.9,3499,2463,1.4,14,1,0,1
229.enc.131.csv,56,pulse.mod,0.4,1626.1,8562.6,6936.5,2648.4,2695.3,795.5,948,1997,1742,1.1,2,1,0,1
229.enc.131.csv,58,pulse.n,0.2,2264.2,8583.2,6319,3867.2,5296.9,1123.6,1418.9,2264.2,2264.2,1,1,1,0,1
229.enc.131.csv,66,pulse.n,0.7,720.4,6813,6092.6,890.6,843.8,770.5,943.9,720.4,720.4,1,1,1,0,1
229.enc.131.csv,70,pulse.n,0.2,3766.7,11567.8,7801.1,5742.2,4781.3,1412.5,1643.7,3965,3766.7,1.1,1,1,0,1
229.enc.131.csv,74,rws,0.4,1463.4,1933.5,470,1804.7,1640.6,0,0,1463.4,1933.5,0.8,0,1,0,1
229.enc.131.csv,80,uws.seq,0.7,3488.6,6746.1,3257.4,4335.9,4289.1,0,0,6746.1,5737,1.2,2,1,0,2
229.enc.131.csv,82,aws.seq,1.7,5701.5,10415.1,4713.6,7523.4,7031.3,0,0,5701.5,10415.1,0.5,0,1,0,5
229.enc.131.csv,90,trill,0.6,3215.4,3740.8,525.4,3562.5,3585.9,0,0,3215.4,3529,0.9,3,1,0,6
229.enc.131.csv,93,pulse.mod,1.3,1770.2,11547.2,9777,4406.3,3843.8,240.6,418.7,3725,3079,1.2,12,1,0,1
229.enc.131.csv,99,pulse.mod,0.9,3478.6,10806.2,7327.6,6000,5953.1,234.2,243.1,4115,4340,0.9,6,1,0,1
229.enc.190.csv,7,modws.m,0.8,3241.5,4679.8,1438.3,3750,3773.4,0,0,3241.5,3728,0.9,3,1,0,1
229.enc.190.csv,12,aws.seg,0.6,5801,10240.8,4439.8,8460.9,9515.6,0,0,5801,10240.8,0.6,0,3,0,1
229.enc.190.csv,15,nws.seq,1.2,816.8,1654.5,837.7,890.6,890.6,0,0,1055,1143,0.9,4,1,0,4
229.enc.190.csv,25,pulse.n,0.7,691.1,11141.4,10450.3,937.5,937.5,860.4,1309.8,835,691.1,1.2,1,1,0,1
229.enc.190.csv,26,pulse.d.bc,2,1148.2,11279.6,10131.3,1710.9,1734.4,728.8,1462,1861,1319,1.4,0,1,2,1
229.enc.190.csv,28,pulse.d.bc,1.5,652.9,10604.1,9951.2,937.5,914.1,769.7,1858.3,1949,652.9,3,0,1,1,1
229.enc.190.csv,29,pulse.mod.bc,2.5,1238.3,11369.6,10131.3,3984.4,4007.8,638.8,1717.4,1773,1788,1,6,1,2,1
229.enc.190.csv,30,pulse.d.bc,1.3,743,9005.6,8262.7,1054.7,937.5,674.1,1730.8,1700,743,2.3,0,1,1,1
229.enc.190.csv,32,pulse.flat.bc,2.4,900.6,10131.3,9230.8,1054.7,1031.3,746,1096.7,3503,2125,1.6,0,1,2,1
229.enc.190.csv,34,pulse.d.bc,1.8,720.5,8870.5,8150.1,1757.8,1781.3,717.4,1974.4,4426,1392,3.2,0,1,1,1
229.enc.190.csv,35,pulse.d.bc,2.7,945.6,10491.6,9546,1687.5,1687.5,824.4,1721.7,2872,1041,2.8,0,1,2,1
229.enc.190.csv,45,pulse.d.bc,1.9,697.9,8532.8,7834.9,1710.9,1710.9,797.1,1530.3,3532,1480,2.4,0,1,2,1
229.enc.205.csv,7,pulse.flat.seg.3,1.3,766.8,7005.2,6238.4,1968.8,1968.8,871.9,1620.1,1685,1357,1.2,0,2,0,1
229.enc.205.csv,20,pulse.a,1.8,860.1,12000,11139.9,2179.7,1476.6,372.8,815.5,860.1,1622,0.5,0,1,0,1
229.enc.205.csv,21,pulse.n,0.9,704.7,11896.4,11191.7,3914.1,4289.1,177.8,482.3,704.7,704.7,1,1,1,0,1
229.enc.205.csv,23,pulse.mod.bc,2.1,1015.5,6818.7,5803.2,2226.6,2484.4,181.7,680.9,1451,2059,0.7,9,1,1,1
229.enc.205.csv,32,pulse.mod.bc,2.8,923.1,9050.7,8127.6,1593.8,1593.8,759.2,1416.5,4180,2262,1.8,8,1,1,1
229.enc.205.csv,34,pulse.flat.bc,2.7,994.8,8891.2,7896.4,1453.1,1453.1,772.6,1145.6,1932,1544,1.3,0,1,2,1
229.enc.205.csv,35,pulse.mod.bc,2,766.8,10851.8,10085,1570.3,1593.8,736,1425.8,1575,766.8,2.1,2,1,1,1
